{
  "hash": "9cf9a0b9",
  "configHash": "153e0f5f",
  "lockfileHash": "1506198b",
  "browserHash": "8632e606",
  "optimized": {
    "@angular/common": {
      "src": "../../../../../node_modules/@angular/common/fesm2022/common.mjs",
      "file": "@angular_common.js",
      "fileHash": "d499f2e6",
      "needsInterop": false
    },
    "@angular/core": {
      "src": "../../../../../node_modules/@angular/core/fesm2022/core.mjs",
      "file": "@angular_core.js",
      "fileHash": "2e136aea",
      "needsInterop": false
    },
    "@angular/forms": {
      "src": "../../../../../node_modules/@angular/forms/fesm2022/forms.mjs",
      "file": "@angular_forms.js",
      "fileHash": "9b4edc91",
      "needsInterop": false
    },
    "@angular/platform-browser": {
      "src": "../../../../../node_modules/@angular/platform-browser/fesm2022/platform-browser.mjs",
      "file": "@angular_platform-browser.js",
      "fileHash": "b2cdd6ca",
      "needsInterop": false
    },
    "@angular/router": {
      "src": "../../../../../node_modules/@angular/router/fesm2022/router.mjs",
      "file": "@angular_router.js",
      "fileHash": "27134df8",
      "needsInterop": false
    }
  },
  "chunks": {
    "chunk-V5ZF3DDT": {
      "file": "chunk-V5ZF3DDT.js"
    },
    "chunk-CVLI7GHA": {
      "file": "chunk-CVLI7GHA.js"
    },
    "chunk-P6BN7I6E": {
      "file": "chunk-P6BN7I6E.js"
    }
  }
}